month,post_type,title,primary_keyword,cta
1,service-support,"How Garage Door Repair Pricing Works in Reno","Garage Door Repair cost Reno","Call 775-555-0243"
1,local-proof,"Recent Garage Door Repair Project in Reno","Garage Door Repair Reno","Request estimate"
1,comparison,"DIY vs Pro Garage Door Repair: When To Hire","DIY Garage Door Repair","Call 775-555-0243"
2,service-support,"How To Pick a Garage Door Repair Provider in Reno","best Garage Door Repair Reno","Get quote"
2,local-proof,"What a Full-Service Garage Door Repair Visit Includes","Garage Door Repair near me", "Book now"
2,comparison,"Same-Day vs Scheduled Garage Door Repair","same day Garage Door Repair","Call 775-555-0243"
3,service-support,"Top Mistakes Homeowners Make Before Garage Door Repair","Garage Door Repair tips", "Talk to expert"
3,local-proof,"Neighborhood Spotlight: Garage Door Repair in Reno","Garage Door Repair Reno","Get quote"
3,comparison,"Budget vs Premium Garage Door Repair: What Changes","Garage Door Repair price", "Call 775-555-0243"
